source_row_id,target_split,entity_type,expected_prior_split_count,feature_prior_count,status
2918,VALIDATION,user,9860,9860,PASS
2919,VALIDATION,user,9860,9860,PASS
2920,VALIDATION,user,9860,9860,PASS
2921,VALIDATION,user,9860,9860,PASS
2922,VALIDATION,user,9860,9860,PASS
2923,VALIDATION,user,9860,9860,PASS
2924,VALIDATION,user,9860,9860,PASS
2925,VALIDATION,user,9860,9860,PASS
2926,VALIDATION,user,9860,9860,PASS
2927,VALIDATION,user,9860,9860,PASS
2928,VALIDATION,user,9860,9860,PASS
2929,VALIDATION,user,9860,9860,PASS
2930,VALIDATION,user,9860,9860,PASS
2931,VALIDATION,user,9860,9860,PASS
2932,VALIDATION,user,9860,9860,PASS
2933,VALIDATION,user,9860,9860,PASS
2934,VALIDATION,user,9860,9860,PASS
2935,VALIDATION,user,9860,9860,PASS
2936,VALIDATION,user,9860,9860,PASS
2937,VALIDATION,user,9860,9860,PASS
2938,VALIDATION,user,9860,9860,PASS
2939,VALIDATION,user,9860,9860,PASS
2940,VALIDATION,user,9860,9860,PASS
2941,VALIDATION,user,9860,9860,PASS
2942,VALIDATION,user,9860,9860,PASS
2943,VALIDATION,user,9860,9860,PASS
2944,VALIDATION,user,9860,9860,PASS
2945,VALIDATION,user,9860,9860,PASS
2946,VALIDATION,user,9860,9860,PASS
2947,VALIDATION,user,9860,9860,PASS
2948,VALIDATION,user,9860,9860,PASS
2949,VALIDATION,user,9860,9860,PASS
2950,VALIDATION,user,9860,9860,PASS
2951,VALIDATION,user,9860,9860,PASS
2952,VALIDATION,user,9860,9860,PASS
2953,VALIDATION,user,9860,9860,PASS
2954,VALIDATION,user,9860,9860,PASS
2955,VALIDATION,user,9860,9860,PASS
2956,VALIDATION,user,9860,9860,PASS
2957,VALIDATION,user,9860,9860,PASS
2958,VALIDATION,user,9860,9860,PASS
2959,VALIDATION,user,9860,9860,PASS
2960,VALIDATION,user,9860,9860,PASS
2961,VALIDATION,user,9860,9860,PASS
2962,VALIDATION,user,9860,9860,PASS
2963,VALIDATION,user,9860,9860,PASS
2964,VALIDATION,user,9860,9860,PASS
2965,VALIDATION,user,9860,9860,PASS
2966,VALIDATION,user,9860,9860,PASS
2967,VALIDATION,user,9860,9860,PASS
2968,VALIDATION,user,9860,9860,PASS
2969,VALIDATION,user,9860,9860,PASS
2970,VALIDATION,user,9860,9860,PASS
2971,VALIDATION,user,9860,9860,PASS
2972,VALIDATION,user,9860,9860,PASS
2973,VALIDATION,user,9860,9860,PASS
2974,VALIDATION,user,9860,9860,PASS
2975,VALIDATION,user,9860,9860,PASS
2976,VALIDATION,user,9860,9860,PASS
2977,VALIDATION,user,9860,9860,PASS
2978,VALIDATION,user,9860,9860,PASS
2979,VALIDATION,user,9860,9860,PASS
2980,VALIDATION,user,9860,9860,PASS
2981,VALIDATION,user,9860,9860,PASS
2982,VALIDATION,user,9860,9860,PASS
2983,VALIDATION,user,9860,9860,PASS
2984,VALIDATION,user,9860,9860,PASS
2985,VALIDATION,user,9860,9860,PASS
2986,VALIDATION,user,9860,9860,PASS
2987,VALIDATION,user,9860,9860,PASS
2988,VALIDATION,user,9860,9860,PASS
2989,VALIDATION,user,9860,9860,PASS
2990,VALIDATION,user,9860,9860,PASS
2991,VALIDATION,user,9860,9860,PASS
2992,VALIDATION,user,9860,9860,PASS
2993,VALIDATION,user,9860,9860,PASS
2994,VALIDATION,user,9860,9860,PASS
2995,VALIDATION,user,9860,9860,PASS
2996,VALIDATION,user,9860,9860,PASS
2997,VALIDATION,user,9860,9860,PASS
2998,VALIDATION,user,9860,9860,PASS
2999,VALIDATION,user,9860,9860,PASS
3000,VALIDATION,user,9860,9860,PASS
3001,VALIDATION,user,9860,9860,PASS
3002,VALIDATION,user,9860,9860,PASS
3003,VALIDATION,user,9860,9860,PASS
3004,VALIDATION,user,9860,9860,PASS
3005,VALIDATION,user,9860,9860,PASS
3006,VALIDATION,user,9860,9860,PASS
3007,VALIDATION,user,9860,9860,PASS
3008,VALIDATION,user,9860,9860,PASS
3009,VALIDATION,user,9860,9860,PASS
3010,VALIDATION,user,9860,9860,PASS
3011,VALIDATION,user,9860,9860,PASS
3012,VALIDATION,user,9860,9860,PASS
3013,VALIDATION,user,9860,9860,PASS
3014,VALIDATION,user,9860,9860,PASS
3015,VALIDATION,user,9860,9860,PASS
3016,VALIDATION,user,9860,9860,PASS
3017,VALIDATION,user,9860,9860,PASS
4085,OUT_OF_TIME_OOT,user,14900,14900,PASS
4086,OUT_OF_TIME_OOT,user,14900,14900,PASS
4087,OUT_OF_TIME_OOT,user,14900,14900,PASS
4088,OUT_OF_TIME_OOT,user,14900,14900,PASS
4089,OUT_OF_TIME_OOT,user,14900,14900,PASS
4090,OUT_OF_TIME_OOT,user,14900,14900,PASS
4091,OUT_OF_TIME_OOT,user,14900,14900,PASS
4092,OUT_OF_TIME_OOT,user,14900,14900,PASS
4093,OUT_OF_TIME_OOT,user,14900,14900,PASS
4094,OUT_OF_TIME_OOT,user,14900,14900,PASS
4095,OUT_OF_TIME_OOT,user,14900,14900,PASS
4096,OUT_OF_TIME_OOT,user,14900,14900,PASS
4097,OUT_OF_TIME_OOT,user,14900,14900,PASS
4098,OUT_OF_TIME_OOT,user,14900,14900,PASS
4099,OUT_OF_TIME_OOT,user,14900,14900,PASS
4100,OUT_OF_TIME_OOT,user,14900,14900,PASS
4101,OUT_OF_TIME_OOT,user,14900,14900,PASS
4102,OUT_OF_TIME_OOT,user,14900,14900,PASS
4103,OUT_OF_TIME_OOT,user,14900,14900,PASS
4104,OUT_OF_TIME_OOT,user,14900,14900,PASS
4105,OUT_OF_TIME_OOT,user,14900,14900,PASS
4106,OUT_OF_TIME_OOT,user,14900,14900,PASS
4107,OUT_OF_TIME_OOT,user,14900,14900,PASS
4108,OUT_OF_TIME_OOT,user,14900,14900,PASS
4109,OUT_OF_TIME_OOT,user,14900,14900,PASS
4110,OUT_OF_TIME_OOT,user,14900,14900,PASS
4111,OUT_OF_TIME_OOT,user,14900,14900,PASS
4112,OUT_OF_TIME_OOT,user,14900,14900,PASS
4113,OUT_OF_TIME_OOT,user,14900,14900,PASS
4114,OUT_OF_TIME_OOT,user,14900,14900,PASS
4115,OUT_OF_TIME_OOT,user,14900,14900,PASS
4116,OUT_OF_TIME_OOT,user,14900,14900,PASS
4117,OUT_OF_TIME_OOT,user,14900,14900,PASS
4118,OUT_OF_TIME_OOT,user,14900,14900,PASS
4119,OUT_OF_TIME_OOT,user,14900,14900,PASS
4120,OUT_OF_TIME_OOT,user,14900,14900,PASS
4121,OUT_OF_TIME_OOT,user,14900,14900,PASS
4122,OUT_OF_TIME_OOT,user,14900,14900,PASS
4123,OUT_OF_TIME_OOT,user,14900,14900,PASS
4124,OUT_OF_TIME_OOT,user,14900,14900,PASS
4125,OUT_OF_TIME_OOT,user,14900,14900,PASS
4126,OUT_OF_TIME_OOT,user,14900,14900,PASS
4127,OUT_OF_TIME_OOT,user,14900,14900,PASS
4128,OUT_OF_TIME_OOT,user,14900,14900,PASS
4129,OUT_OF_TIME_OOT,user,14900,14900,PASS
4130,OUT_OF_TIME_OOT,user,14900,14900,PASS
4131,OUT_OF_TIME_OOT,user,14900,14900,PASS
4132,OUT_OF_TIME_OOT,user,14900,14900,PASS
4133,OUT_OF_TIME_OOT,user,14900,14900,PASS
4134,OUT_OF_TIME_OOT,user,14900,14900,PASS
4135,OUT_OF_TIME_OOT,user,14900,14900,PASS
4136,OUT_OF_TIME_OOT,user,14900,14900,PASS
4137,OUT_OF_TIME_OOT,user,14900,14900,PASS
4138,OUT_OF_TIME_OOT,user,14900,14900,PASS
4139,OUT_OF_TIME_OOT,user,14900,14900,PASS
4140,OUT_OF_TIME_OOT,user,14900,14900,PASS
4141,OUT_OF_TIME_OOT,user,14900,14900,PASS
4142,OUT_OF_TIME_OOT,user,14900,14900,PASS
4143,OUT_OF_TIME_OOT,user,14900,14900,PASS
4144,OUT_OF_TIME_OOT,user,14900,14900,PASS
4145,OUT_OF_TIME_OOT,user,14900,14900,PASS
4146,OUT_OF_TIME_OOT,user,14900,14900,PASS
4147,OUT_OF_TIME_OOT,user,14900,14900,PASS
4148,OUT_OF_TIME_OOT,user,14900,14900,PASS
4149,OUT_OF_TIME_OOT,user,14900,14900,PASS
4150,OUT_OF_TIME_OOT,user,14900,14900,PASS
4151,OUT_OF_TIME_OOT,user,14900,14900,PASS
4152,OUT_OF_TIME_OOT,user,14900,14900,PASS
4153,OUT_OF_TIME_OOT,user,14900,14900,PASS
4154,OUT_OF_TIME_OOT,user,14900,14900,PASS
4155,OUT_OF_TIME_OOT,user,14900,14900,PASS
4156,OUT_OF_TIME_OOT,user,14900,14900,PASS
4157,OUT_OF_TIME_OOT,user,14900,14900,PASS
4158,OUT_OF_TIME_OOT,user,14900,14900,PASS
4159,OUT_OF_TIME_OOT,user,14900,14900,PASS
4160,OUT_OF_TIME_OOT,user,14900,14900,PASS
4161,OUT_OF_TIME_OOT,user,14900,14900,PASS
4162,OUT_OF_TIME_OOT,user,14900,14900,PASS
4163,OUT_OF_TIME_OOT,user,14900,14900,PASS
4164,OUT_OF_TIME_OOT,user,14900,14900,PASS
4165,OUT_OF_TIME_OOT,user,14900,14900,PASS
4166,OUT_OF_TIME_OOT,user,14900,14900,PASS
4167,OUT_OF_TIME_OOT,user,14900,14900,PASS
4168,OUT_OF_TIME_OOT,user,14900,14900,PASS
4169,OUT_OF_TIME_OOT,user,14900,14900,PASS
4170,OUT_OF_TIME_OOT,user,14900,14900,PASS
4171,OUT_OF_TIME_OOT,user,14900,14900,PASS
4172,OUT_OF_TIME_OOT,user,14900,14900,PASS
4173,OUT_OF_TIME_OOT,user,14900,14900,PASS
4174,OUT_OF_TIME_OOT,user,14900,14900,PASS
4175,OUT_OF_TIME_OOT,user,14900,14900,PASS
4176,OUT_OF_TIME_OOT,user,14900,14900,PASS
4177,OUT_OF_TIME_OOT,user,14900,14900,PASS
4178,OUT_OF_TIME_OOT,user,14900,14900,PASS
4179,OUT_OF_TIME_OOT,user,14900,14900,PASS
4180,OUT_OF_TIME_OOT,user,14900,14900,PASS
4181,OUT_OF_TIME_OOT,user,14900,14900,PASS
4182,OUT_OF_TIME_OOT,user,14900,14900,PASS
4183,OUT_OF_TIME_OOT,user,14900,14900,PASS
4184,OUT_OF_TIME_OOT,user,14900,14900,PASS
