layer,label,status,technical_status,execution_status,deep_link
part1,Business Scope,READY,GOVERNANCE_READY,,part-1.html
part2,Data Foundation,LOCKED,FOUNDATION_READY,,part-2.html
part3,Portfolio Intelligence,LOCKED,PORTFOLIO_READY,,part-3.html
part4,Behavioral Risk,LOCKED,PASS,,part-4.html
part5,Fraud Scoring / ML,LOCKED,PART5_MODELING_LOCKED,LOCKED,part-5.html
part6,Network / Graph,LOCKED,GRAPH_EVIDENCE_READY,LOCKED,part-6.html
part7,Decision Engine,DECISION_POLICY_LOCKED,TECHNICALLY_COMPLETE_100,DECISION_POLICY_LOCKED,part-7.html
part8,Monitoring & Governance,MONITORING_GOVERNANCE_LOCKED,MONITORING_FRAMEWORK_READY,MONITORING_GOVERNANCE_LOCKED,part-8.html
part9,Evidence & Audit,PRESENTATION_READY,FINAL_PORTFOLIO_RELEASE_LOCKED,PRESENTATION_READY,part-9.html
